Workbook

Sheet Backlog
A1: Correctio — Backlog da N2
A2: Entrega da N2: 23/10/2026 · 57 tarefas · fonte: issues do GitHub e Project 4 · retrato de 09/10/2026
A4: Issue | B4: Tarefa | C4: Tipo | D4: Frente | E4: Responsável | F4: GitHub | G4: Prazo | H4: Depende de | I4: Status | J4: Origem | K4: Critério de pronto (checklist da issue)
A5: #37 | B5: chore: set up delivery rules, templates and ruleset | C5: Processo | D5: Processo e escopo | E5: Priscila Torres | F5: PrieTorres | G5: 46304 | H5: — | I5: Em andamento | J5: Plano da N2 | K5: • Templates de issue (task, bug, ux) e de PR no main • CODEOWNERS e ruleset do main ativos • Workflows Delivery rules e Completion guard rodando • Workflows do Project configurados: Item added to project → To do, Item reopened → In progress, Code changes requested → In progress • Equipe avisada do fluxo • Evidência (link, print ou vídeo) anexada na issue
A6: #85 | B6: docs: N2 backlog plan as a spreadsheet and a docs page | C6: Processo | D6: Processo e escopo | E6: Priscila Torres | F6: PrieTorres | G6: 46304 | H6: — | I6: Concluída | J6: Atividade de planejamento da N2 | K6: • Planilha com o backlog, o responsável e o prazo de cada tarefa • Distribuição por integrante, com todos aparecendo e a carga equilibrada • `docs/Backlog_N2.xlsx` e `docs/Backlog_N2.md` no repositório, com link no README • Planilha entregue na atividade
A7: #31 | B7: montar backend voltado para banco de dados produtivo | C7: Desenvolvimento | D7: Infraestrutura e API | E7: Priscila Torres | F7: PrieTorres | G7: 46305 | H7: — | I7: A fazer | J7: Issue já existente | K7: • Express + TypeScript em `apps/api`, em camadas: rota → controle → serviço → repositório → model, uma pasta por camada • `apps/api` é um workspace (`@correctio/api`) e `npm run lint`, `npm run typecheck`, `npm test` e `npm run build` da raiz rodam front e API • `GET /health` responde 200 sem login, passando por rota, controle e serviço • Erro no formato `{ code, message }` com os códigos do `StorageError` (`not-found`, `invalid`, `conflict`, `failure`), mais `unauthorized` (401) e `too-many-requests` (429); erro desconhecido sem stack trace • Paginação no mesmo formato que o front já espera em `apps/web/src/lib/repositories`: `{ items, total }`, `page` e `pageSize` com padrão 1 e 50, `pageSize` acima do teto responde 400 • `requireAuth` fechado por padrão: rota protegida sem token responde 401 • A API valida com os schemas Zod do front, sem cópia • CORS só para as origens de `CORS_ORIGINS`; `helmet` e limite de 100 KB no JSON • Lint com as mesmas regras de comentário do front, tipos e testes (supertest) rodando no CI • `apps/api/README.md` explica como rodar localmente e as convenções da API, incluindo onde divergem da Spec • Testes automatizados do caso principal: health, rota inexistente, 401 sem token, formato de erro, paginação e CORS • Vídeo do teste anexado no PR
A8: #36 | B8: fix: clear high and critical npm audit findings | C8: Infraestrutura | D8: Infraestrutura e API | E8: Priscila Torres | F8: PrieTorres | G8: 46305 | H8: — | I8: A fazer | J8: Ajuste pendente (portão vermelho na main) | K8: • `vitest` e `@vitest/coverage-v8` na 5.x, na mesma versão (corrige `tinypool` e `@vitest/mocker`) • `npm audit fix` para `brace-expansion` e `source-map-js` (e `joi`, que sai junto) • `npm audit --audit-level=high` passa, sem vulnerabilidade alta nem crítica • Cobertura continua em 80% ou mais com as mesmas exclusões, e o percentual antes e depois está na descrição do PR • Lint, tipos, testes, build e Cypress verdes no PR, que é o mesmo portão que roda para a `main` • Versão do Vitest atualizada na seção 7 do `readme.md` • Evidência (link, print ou vídeo) anexada na issue
A9: #32 | B9: criar banco de dados mysql e conectar ao projeto com envs e cadastrar envs no repo | C9: Infraestrutura | D9: Infraestrutura e API | E9: Priscila Torres | F9: PrieTorres | G9: 46306 | H9: #31 | I9: A fazer | J9: Issue já existente | K9: • MySQL hospedado, acessível pela API, com as credenciais só nos secrets do repositório e nas variáveis do host • Migrations de todas as entidades do `docs/Modelo_de_Dados.md`, sem renomear chaves da Spec, incluindo `class_enrollments`, `exam_assignments`, `refresh_tokens`, `students.userId`, `classes.inviteCode`, `clientCorrectionId` e `syncStatus` • Colunas com o nome exato do campo do contrato e enums com os valores exatos • Soft delete: cada entidade arquiva pelo próprio campo (`deletedAt` ou `status`) e nenhuma chave estrangeira apaga em cascata • Auditoria: `createdAt`/`updatedAt` nas tabelas e tabela `activity_logs` (log geral), sem conteúdo de dado pessoal • Acréscimos do grupo registrados em `docs/Modelo_de_Dados.md`, marcados com `+`: `Student.removedAt`, `Question.createdAt` e a entidade `ActivityLog` • `.env.example` documentado e MySQL local descrito no `apps/api/README.md` • Migrations aplicam, desfazem e reaplicam num banco vazio • `GET /health` responde 503 quando o banco está fora • Testes automatizados do caso principal, incluindo o que confere as colunas contra o contrato • Vídeo do teste anexado no PR
A10: #38 | B10: feat(web): HTTP repository adapter replacing localStorage | C10: Desenvolvimento | D10: Infraestrutura e API | E10: Priscila Torres | F10: PrieTorres | G10: 46307 | H10: #31 | I10: A fazer | J10: Plano da N2 | K10: • Implementa a interface de `lib/repositories` sem mudar telas: repositório HTTP genérico cumpre o `OwnedRepository` de `types.ts` • Token enviado como `Authorization: Bearer`, vindo de uma função injetada; 401 chama `onUnauthorized` • Erros convertidos em `StorageError` com o `code` e a mensagem do servidor; 404 no `getById` devolve `null` • Paginação: `ListParams` vira query string e `{ items, total }` vira `Page<T>` • URL da API por variável de ambiente (`VITE_API_URL`), tipada e documentada em `apps/web/.env.example` • Resposta validada pelos schemas de `lib/schemas`, sem descartar campo desconhecido • `update` envia só os campos recebidos e nenhum pedido envia `teacherId` • A fábrica continua devolvendo os repositórios locais: o site publicado não muda com esta tarefa • Testes automatizados do caso principal, com `fetch` simulado: query string, cabeçalho de token, cada linha da tabela de erros, `null` no 404 e campo desconhecido preservado • Vídeo do teste anexado no PR
A11: #83 | B11: po: settle the open decisions with the professor (Firebase Auth, A/B/C versions) | C11: Validação de escopo | D11: Processo e escopo | E11: Heloísa Fogaça | F11: heloisaFogaca | G11: 46307 | H11: — | I11: A fazer | J11: Pendência do README (professora) | K11: • Firebase Auth no lugar dos endpoints `/auth` da Spec: decisão registrada, antes da #40 começar • Versionamento A/B/C de questões (provas realmente diferentes por aluno): entra ou não no escopo • Respostas registradas no README e em `docs/` (requisitos, arquitetura e, se mudar, segurança) • Decisão comentada na #40, na #45 e na #84 • Evidência (link, print ou vídeo) anexada na issue
A12: #26 | B12: diagrama de caso de uso | C12: Documentação | D12: Documentação | E12: Heloísa Fogaça | F12: heloisaFogaca | G12: 46308 | H12: #36 | I12: Em andamento | J12: Issue já existente | K12: • PR #30 atualizado com a `main`, depois da correção do `npm audit` lá (#36) • `docs/uml/use_case_diagram/01_Diagrama_de_Caso_de_Uso.md` renomeado para inglês (ex.: `docs/uml/use-case-diagram.md`), com as imagens aparecendo no GitHub • Prints do passo a passo da construção (uma imagem por etapa) no PR, em `docs/uml/` • Corpo do PR #30 com o template, `Closes #26` e label `docs` • Título do PR no formato `docs: ...` • Check *Lint, tipos, testes e build* verde no PR #30 • Evidência (link, print ou vídeo) anexada na issue
A13: #39 | B13: ci: run API tests and migrations, deploy the API | C13: Infraestrutura | D13: Infraestrutura e API | E13: Priscila Torres | F13: PrieTorres | G13: 46308 | H13: #31, #32 | I13: A fazer | J13: Plano da N2 | K13: • Testes da API em todo PR, com MySQL de teste no CI • Migrations aplicadas num banco vazio em todo PR, antes dos testes • `checks.yml`, `release.yml` e o job `sonar` continuam verdes com os testes que usam banco • SonarCloud analisa `apps/api/src` e recebe a cobertura da API • Job Cypress sobe API e MySQL e builda o front apontando para eles • Migrations aplicadas no deploy, antes da versão nova entrar no ar • API publicada com URL fixa, em HTTPS, e `GET /health` conferido ao fim de cada deploy • CORS da API publicada aceita `https://prietorres.github.io` e recusa outras origens • `deploy.yml` builda o front com `VITE_API_URL` vindo da variável do repositório • `docs/CI_CD.md` atualizado com os novos passos, *secrets* e variáveis • Credenciais do provedor de e-mail, usado pela recuperação de senha da #40, guardadas como *secret* e passadas à API publicada, nunca no código • Evidência (link, print ou vídeo) anexada na issue
A14: #40 | B14: feat: authentication end to end (register, sign-in, refresh, sign-out) | C14: Desenvolvimento | D14: Acesso e consulta pública | E14: Heloísa Fogaça | F14: heloisaFogaca | G14: 46308 | H14: #31, #32, #38, #83 | I14: A fazer | J14: Plano da N2 | K14: • Senha gravada só como hash (bcrypt ou argon2) em `passwordHash`, que nunca sai na resposta da API • Rate limit no login: bloqueio após 5 falhas em 15 minutos, com 429 e `Retry-After`, e a tela de login avisa • Cadastro exige senha de no mínimo 8 caracteres, no front e na API, e recusa e-mail já cadastrado • RefreshToken persistido só como `tokenHash`, renovado a cada refresh e revogável: `logout` revoga o do dispositivo, `logout-all` revoga todos • Telas de login, cadastro e recuperação de senha usam a API • Rotas privadas redirecionam para `/entrar` sem sessão • Sair limpa o cache, e outro professor no mesmo navegador não vê dado do anterior • E-mail de recuperação de senha enviado de verdade, com a mesma resposta para e-mail com e sem conta • O link do e-mail abre a etapa de nova senha, vale uma vez só e expira • Testes com supertest para cadastro, e-mail duplicado, login certo e errado, bloqueio, refresh, logout, logout de todos e recuperação com e sem conta • Testes automatizados do caso principal • Vídeo do teste anexado no PR
A15: #53 | B15: ux: review access and public lookup screens | C15: UX | D15: Acesso e consulta pública | E15: Heloísa Fogaça | F15: heloisaFogaca | G15: 46308 | H15: — | I15: A fazer | J15: Plano da N2 | K15: • Usar as telas (login, cadastro, recuperar senha, consulta por QR, privacidade) na versão publicada como professor faria, e a consulta por QR como o aluno, no celular • Navegação só por teclado e largura de 360 px conferidas nas cinco telas • Abrir uma issue UX suggestion por melhoria, com print • Priorizar as sugestões por impacto, com a lista ordenada em comentário nesta issue • Registrar a sessão de uso no diário • Evidência (link, print ou vídeo) anexada na issue
A16: #57 | B16: ux: review classes and applications screens | C16: UX | D16: Turmas e aplicações | E16: Jeliel Nunes | F16: Jeliell | G16: 46308 | H16: — | I16: A fazer | J16: Plano da N2 | K16: • Usar as telas (turmas, alunos, importação, aplicações, PDF) na versão publicada como professor faria • Testar em 360 px de largura e só com o teclado • Conferir P3, P5, P11, P12, P13 e P14 contra a seção 8.4 da especificação • Abrir uma issue UX suggestion por melhoria, com print • Priorizar as sugestões por impacto, com a lista ordenada num comentário desta issue • Registrar a sessão de uso no diário • Evidência (link, print ou vídeo) anexada na issue
... A61: #76 | B61: docs: N2 logbook — Fabricio | C61: Documentação | D61: Documentação | E61: Fabricio da Silva | F61: fabriciojrr | G61: 46318 | H61: #52 | I61: A fazer | J61: Plano da N2 | K61: • Separar o que foi feito na N1 e na N2 • Uma entrada por tarefa da N2, com issue e PR • Prints de commits, PRs aprovados/mergeados e reprovações • Prints de revisões, bugs e sugestões abertos • Comprovação no sistema hospedado • Evidência (link, print ou vídeo) anexada na issue

Sheet Distribuição
A1: Distribuição entre os integrantes
A2: Contagens calculadas a partir da aba Backlog: mudar o responsável lá atualiza esta aba.
A4: Integrante | B4: GitHub | C4: Total | D4: Desenvolvimento | E4: Teste automatizado | F4: QA exploratório | G4: Code review | H4: UX | I4: Documentação | J4: Outras* | K4: Primeiro prazo | L4: Último prazo | M4: Desenvolve | N4: Revisa e testa (QA) os PRs de
A5: Priscila Torres | B5: PrieTorres | C5: =COUNTIF(Backlog!$E$5:$E$61,$A5) | D5: =COUNTIFS(Backlog!$E$5:$E$61,$A5,Backlog!$C$5:$C$61,D$4) | E5: =COUNTIFS(Backlog!$E$5:$E$61,$A5,Backlog!$C$5:$C$61,E$4) | F5: =COUNTIFS(Backlog!$E$5:$E$61,$A5,Backlog!$C$5:$C$61,F$4) | G5: =COUNTIFS(Backlog!$E$5:$E$61,$A5,Backlog!$C$5:$C$61,G$4) | H5: =COUNTIFS(Backlog!$E$5:$E$61,$A5,Backlog!$C$5:$C$61,H$4) | I5: =COUNTIFS(Backlog!$E$5:$E$61,$A5,Backlog!$C$5:$C$61,I$4) | J5: =C5-SUM(D5:I5) | K5: =_xlfn.MINIFS(Backlog!$G$5:$G$61,Backlog!$E$5:$E$61,$A5) | L5: =_xlfn.MAXIFS(Backlog!$G$5:$G$61,Backlog!$E$5:$E$61,$A5) | M5: Infraestrutura, API base, banco, CI e deploy, leitura do QR, ADRs | N5: Todos os PRs (code owner)
A6: Heloísa Fogaça | B6: heloisaFogaca | C6: =COUNTIF(Backlog!$E$5:$E$61,$A6) | D6: =COUNTIFS(Backlog!$E$5:$E$61,$A6,Backlog!$C$5:$C$61,D$4) | E6: =COUNTIFS(Backlog!$E$5:$E$61,$A6,Backlog!$C$5:$C$61,E$4) | F6: =COUNTIFS(Backlog!$E$5:$E$61,$A6,Backlog!$C$5:$C$61,F$4) | G6: =COUNTIFS(Backlog!$E$5:$E$61,$A6,Backlog!$C$5:$C$61,G$4) | H6: =COUNTIFS(Backlog!$E$5:$E$61,$A6,Backlog!$C$5:$C$61,H$4) | I6: =COUNTIFS(Backlog!$E$5:$E$61,$A6,Backlog!$C$5:$C$61,I$4) | J6: =C6-SUM(D6:I6) | K6: =_xlfn.MINIFS(Backlog!$G$5:$G$61,Backlog!$E$5:$E$61,$A6) | L6: =_xlfn.MAXIFS(Backlog!$G$5:$G$61,Backlog!$E$5:$E$61,$A6) | M6: Acesso (login, cadastro, senha) e consulta pública por QR | N6: Turmas e aplicações
A7: Jeliel Nunes | B7: Jeliell | C7: =COUNTIF(Backlog!$E$5:$E$61,$A7) | D7: =COUNTIFS(Backlog!$E$5:$E$61,$A7,Backlog!$C$5:$C$61,D$4) | E7: =COUNTIFS(Backlog!$E$5:$E$61,$A7,Backlog!$C$5:$C$61,E$4) | F7: =COUNTIFS(Backlog!$E$5:$E$61,$A7,Backlog!$C$5:$C$61,F$4) | G7: =COUNTIFS(Backlog!$E$5:$E$61,$A7,Backlog!$C$5:$C$61,G$4) | H7: =COUNTIFS(Backlog!$E$5:$E$61,$A7,Backlog!$C$5:$C$61,H$4) | I7: =COUNTIFS(Backlog!$E$5:$E$61,$A7,Backlog!$C$5:$C$61,I$4) | J7: =C7-SUM(D7:I7) | K7: =_xlfn.MINIFS(Backlog!$G$5:$G$61,Backlog!$E$5:$E$61,$A7) | L7: =_xlfn.MAXIFS(Backlog!$G$5:$G$61,Backlog!$E$5:$E$61,$A7) | M7: Turmas, aplicações e PDF, exportação de relatórios | N7: Banco de questões e provas
A8: Cleberson Maia | B8: maia202 | C8: =COUNTIF(Backlog!$E$5:$E$61,$A8) | D8: =COUNTIFS(Backlog!$E$5:$E$61,$A8,Backlog!$C$5:$C$61,D$4) | E8: =COUNTIFS(Backlog!$E$5:$E$61,$A8,Backlog!$C$5:$C$61,E$4) | F8: =COUNTIFS(Backlog!$E$5:$E$61,$A8,Backlog!$C$5:$C$61,F$4) | G8: =COUNTIFS(Backlog!$E$5:$E$61,$A8,Backlog!$C$5:$C$61,G$4) | H8: =COUNTIFS(Backlog!$E$5:$E$61,$A8,Backlog!$C$5:$C$61,H$4) | I8: =COUNTIFS(Backlog!$E$5:$E$61,$A8,Backlog!$C$5:$C$61,I$4) | J8: =C8-SUM(D8:I8) | K8: =_xlfn.MINIFS(Backlog!$G$5:$G$61,Backlog!$E$5:$E$61,$A8) | L8: =_xlfn.MAXIFS(Backlog!$G$5:$G$61,Backlog!$E$5:$E$61,$A8) | M8: Banco de questões e provas | N8: Correção, painel e relatórios
A9: Fabricio da Silva | B9: fabriciojrr | C9: =COUNTIF(Backlog!$E$5:$E$61,$A9) | D9: =COUNTIFS(Backlog!$E$5:$E$61,$A9,Backlog!$C$5:$C$61,D$4) | E9: =COUNTIFS(Backlog!$E$5:$E$61,$A9,Backlog!$C$5:$C$61,E$4) | F9: =COUNTIFS(Backlog!$E$5:$E$61,$A9,Backlog!$C$5:$C$61,F$4) | G9: =COUNTIFS(Backlog!$E$5:$E$61,$A9,Backlog!$C$5:$C$61,G$4) | H9: =COUNTIFS(Backlog!$E$5:$E$61,$A9,Backlog!$C$5:$C$61,H$4) | I9: =COUNTIFS(Backlog!$E$5:$E$61,$A9,Backlog!$C$5:$C$61,I$4) | J9: =C9-SUM(D9:I9) | K9: =_xlfn.MINIFS(Backlog!$G$5:$G$61,Backlog!$E$5:$E$61,$A9) | L9: =_xlfn.MAXIFS(Backlog!$G$5:$G$61,Backlog!$E$5:$E$61,$A9) | M9: Correção, painel e relatórios | N9: Acesso e consulta pública
A10: Total | C10: =SUM(C5:C9) | D10: =SUM(D5:D9) | E10: =SUM(E5:E9) | F10: =SUM(F5:F9) | G10: =SUM(G5:G9) | H10: =SUM(H5:H9) | I10: =SUM(I5:I9) | J10: =SUM(J5:J9)
A12: Conferência
A13: Todos os integrantes têm pelo menos uma tarefa? | G13: =IF(COUNTIF(C5:C9,0)=0,"Sim","Não")
A14: Tarefas no backlog (aba Backlog) | G14: =COUNTA(Backlog!$A$5:$A$61)
A15: Total distribuído confere com o backlog? | G15: =IF(C10=COUNTA(Backlog!$A$5:$A$61),"Sim","Não")
A16: Média de tarefas por integrante | G16: =AVERAGE(C5:C9)
A17: Diferença entre a maior e a menor carga | G17: =MAX(C5:C9)-MIN(C5:C9)
A19: * Outras: validação de escopo, processo, infraestrutura e entrega.
A20: A Priscila tem duas tarefas a mais porque, como PM e única code owner, revisa todos os PRs e conduz o planejamento.
A21: Revisão e QA exploratório rodam em ciclo: ninguém revisa nem testa o próprio código.

Sheet Cronograma
A1: Tarefas por semana
A2: Quantas tarefas de cada integrante vencem em cada janela. As datas em amarelo podem ser ajustadas.
A4: Janela | B4: Semana 1 | C4: Semana 2 | D4: Semana 3 | E4: Reta final | F4: Depois da entrega | G4: Total
A5: De | B5: 46304 | C5: 46308 | D5: 46312 | E5: 46316 | F5: 46319
A6: Até | B6: 46307 | C6: 46311 | D6: 46315 | E6: 46318 | F6: 46387
A7: Priscila Torres | B7: =COUNTIFS(Backlog!$E$5:$E$61,$A7,Backlog!$G$5:$G$61,">="&B$5,Backlog!$G$5:$G$61,"<="&B$6) | C7: =COUNTIFS(Backlog!$E$5:$E$61,$A7,Backlog!$G$5:$G$61,">="&C$5,Backlog!$G$5:$G$61,"<="&C$6) | D7: =COUNTIFS(Backlog!$E$5:$E$61,$A7,Backlog!$G$5:$G$61,">="&D$5,Backlog!$G$5:$G$61,"<="&D$6) | E7: =COUNTIFS(Backlog!$E$5:$E$61,$A7,Backlog!$G$5:$G$61,">="&E$5,Backlog!$G$5:$G$61,"<="&E$6) | F7: =COUNTIFS(Backlog!$E$5:$E$61,$A7,Backlog!$G$5:$G$61,">="&F$5,Backlog!$G$5:$G$61,"<="&F$6) | G7: =SUM(B7:F7)
A8: Heloísa Fogaça | B8: =COUNTIFS(Backlog!$E$5:$E$61,$A8,Backlog!$G$5:$G$61,">="&B$5,Backlog!$G$5:$G$61,"<="&B$6) | C8: =COUNTIFS(Backlog!$E$5:$E$61,$A8,Backlog!$G$5:$G$61,">="&C$5,Backlog!$G$5:$G$61,"<="&C$6) | D8: =COUNTIFS(Backlog!$E$5:$E$61,$A8,Backlog!$G$5:$G$61,">="&D$5,Backlog!$G$5:$G$61,"<="&D$6) | E8: =COUNTIFS(Backlog!$E$5:$E$61,$A8,Backlog!$G$5:$G$61,">="&E$5,Backlog!$G$5:$G$61,"<="&E$6) | F8: =COUNTIFS(Backlog!$E$5:$E$61,$A8,Backlog!$G$5:$G$61,">="&F$5,Backlog!$G$5:$G$61,"<="&F$6) | G8: =SUM(B8:F8)
A9: Jeliel Nunes | B9: =COUNTIFS(Backlog!$E$5:$E$61,$A9,Backlog!$G$5:$G$61,">="&B$5,Backlog!$G$5:$G$61,"<="&B$6) | C9: =COUNTIFS(Backlog!$E$5:$E$61,$A9,Backlog!$G$5:$G$61,">="&C$5,Backlog!$G$5:$G$61,"<="&C$6) | D9: =COUNTIFS(Backlog!$E$5:$E$61,$A9,Backlog!$G$5:$G$61,">="&D$5,Backlog!$G$5:$G$61,"<="&D$6) | E9: =COUNTIFS(Backlog!$E$5:$E$61,$A9,Backlog!$G$5:$G$61,">="&E$5,Backlog!$G$5:$G$61,"<="&E$6) | F9: =COUNTIFS(Backlog!$E$5:$E$61,$A9,Backlog!$G$5:$G$61,">="&F$5,Backlog!$G$5:$G$61,"<="&F$6) | G9: =SUM(B9:F9)
A10: Cleberson Maia | B10: =COUNTIFS(Backlog!$E$5:$E$61,$A10,Backlog!$G$5:$G$61,">="&B$5,Backlog!$G$5:$G$61,"<="&B$6) | C10: =COUNTIFS(Backlog!$E$5:$E$61,$A10,Backlog!$G$5:$G$61,">="&C$5,Backlog!$G$5:$G$61,"<="&C$6) | D10: =COUNTIFS(Backlog!$E$5:$E$61,$A10,Backlog!$G$5:$G$61,">="&D$5,Backlog!$G$5:$G$61,"<="&D$6) | E10: =COUNTIFS(Backlog!$E$5:$E$61,$A10,Backlog!$G$5:$G$61,">="&E$5,Backlog!$G$5:$G$61,"<="&E$6) | F10: =COUNTIFS(Backlog!$E$5:$E$61,$A10,Backlog!$G$5:$G$61,">="&F$5,Backlog!$G$5:$G$61,"<="&F$6) | G10: =SUM(B10:F10)
A11: Fabricio da Silva | B11: =COUNTIFS(Backlog!$E$5:$E$61,$A11,Backlog!$G$5:$G$61,">="&B$5,Backlog!$G$5:$G$61,"<="&B$6) | C11: =COUNTIFS(Backlog!$E$5:$E$61,$A11,Backlog!$G$5:$G$61,">="&C$5,Backlog!$G$5:$G$61,"<="&C$6) | D11: =COUNTIFS(Backlog!$E$5:$E$61,$A11,Backlog!$G$5:$G$61,">="&D$5,Backlog!$G$5:$G$61,"<="&D$6) | E11: =COUNTIFS(Backlog!$E$5:$E$61,$A11,Backlog!$G$5:$G$61,">="&E$5,Backlog!$G$5:$G$61,"<="&E$6) | F11: =COUNTIFS(Backlog!$E$5:$E$61,$A11,Backlog!$G$5:$G$61,">="&F$5,Backlog!$G$5:$G$61,"<="&F$6) | G11: =SUM(B11:F11)
A12: Total | B12: =SUM(B7:B11) | C12: =SUM(C7:C11) | D12: =SUM(D7:D11) | E12: =SUM(E7:E11) | F12: =SUM(F7:F11) | G12: =SUM(G7:G11)

Sheet Regras
A1: Como o backlog funciona
A2: Retrato de 09/10/2026. O estado atual de cada tarefa fica no GitHub Project 4.
A4: Uma tarefa por issue | B4: Cada linha do Backlog é uma issue do GitHub, no milestone N2, com responsável, prazo (campo Target date do Project) e checklist de aceite.
A5: Quando uma tarefa está pronta | B5: Quando o PR com "Closes #N" é aprovado pela PM e mergeado: checklist da issue todo marcado, checklist do PR marcado e vídeo do teste anexado. Documentação, infraestrutura, processo, QA, UX e validação de escopo dispensam o vídeo.
A6: Quem conclui | B6: Só a PM conclui tarefas. Uma issue fechada por outra pessoa é reaberta automaticamente, a menos que tenha sido fechada pelo merge de um PR.
A7: Proteção da main | B7: Merge só por PR, com aprovação da code owner e os checks Lint, tipos, testes e build; Cypress; SonarCloud; e Issue, checklist and video.
A8: Distribuição | B8: Cada integrante desenvolve uma frente do sistema e revisa e testa a frente de outro colega, em ciclo. A PM revisa todos os PRs.
A9: Origem | B9: Plano da N2 (integração com o MySQL), Feedback da N1, pendências e mocks apontados no README, modelo de documentação da disciplina e issues que já existiam antes do plano.
A10: Board | B10: https://github.com/users/PrieTorres/projects/4
